metric,observed,bootstrap_mean,ci95_low,ci95_high,valid_replicates
confidence_aurc_60_100,0.14861954285345935,0.14856234185046746,0.14382350845989522,0.15338327435273535,2000
confidence_error_rate_80,0.1470064689792906,0.1467517822484147,0.14147691222584372,0.15195025013560073,2000
confidence_fnr_80,0.31729219433571265,0.31685005416523054,0.3018178171775389,0.3314640213655783,2000
confidence_grade0_minus_grade4_gap_80,,-0.09471817233476855,-0.1179503146956804,-0.06849964611895117,2000
confidence_nonref_minus_ref_gap_80,,0.07790279172378725,0.06417770425464825,0.09120705224346091,2000
joint_aurc_60_100,0.14723477208484678,0.14717240911960114,0.14244488854618162,0.15203472111374927,2000
joint_error_rate_80,0.1452264142751704,0.1451343885235851,0.13996694298948972,0.1501641511991866,2000
joint_fnr_80,0.32011006649850954,0.3198369540812337,0.30447805138600953,0.3347922492225172,2000
joint_grade0_minus_grade4_gap_80,,-0.09183524786410072,-0.11557095147873776,-0.06535829905915626,2000
joint_nonref_minus_ref_gap_80,,0.07398324413095592,0.06036588530214569,0.08672138300039019,2000
quality_aurc_60_100,0.16026325157868782,0.16021625302831582,0.15525673502858528,0.1651956686328567,2000
quality_error_rate_80,0.1601615074024226,0.1600822390196845,0.1547807302724193,0.1654058880355083,2000
quality_fnr_80,0.4169027384324835,0.41682741070315144,0.4003190125615015,0.4328694990720843,2000
quality_grade0_minus_grade4_gap_80,,0.4239364679585666,0.38290389788824125,0.4663769602687713,2000
quality_nonref_minus_ref_gap_80,,0.10063111884398997,0.08631042626561365,0.11463321496289637,2000
protected_aurc_60_100,0.1667595996961426,0.16668786011760328,0.16182454003512622,0.17163729241543602,2000
protected_error_rate_80,0.16489384795727868,0.16471977802126167,0.15946396866525206,0.16980636758758053,2000
protected_fnr_80,0.26971227761915223,0.2689904501254548,0.2546486747257163,0.282757261844366,2000
protected_grade0_minus_grade4_gap_80,,-0.12191398068502161,-0.14331938835899793,-0.09916271037314894,2000
protected_nonref_minus_ref_gap_80,,0.03383060431380585,0.020695049824438174,0.04667216240123629,2000
delta_joint_minus_confidence_aurc_60_100,-0.0013847707686125699,-0.0013899327308663164,-0.001657933790947782,-0.0011210666912176413,2000
delta_joint_minus_confidence_error_rate_80,-0.001780054704120182,-0.0016173937248296104,-0.002513433870688143,-0.0007365022428442267,2000
delta_joint_minus_confidence_fnr_80,0.002817872162796886,0.0029868999160031465,8.599639010503785e-05,0.005821533605530403,2000
